"Model","N","Events","HR","HR_CI_Lower","HR_CI_Upper","KM_P","AUC_1Y","AUC_3Y","AUC_5Y"
"M12_Top12",364,155,2.88010179228818,2.046977323998,4.05230983103441,2.32130870081448e-10,0.688886386340649,0.726679224610676,0.71387241251848
