Feature,Gene,Coef,abs_coef,P,neglog10P
cg07151966,NA,-0.294205815231792,0.294205815231792,0.0004581728415894,3.33897065739329
cg09010499,BDKRB2,0.260445046957616,0.260445046957616,0.0101193650925422,1.9948467350708616
cg16098170,JSRP1,0.252637085156119,0.252637085156119,0.0128619137543845,1.8906944069069191
cg05984948,NA,-0.229628551793065,0.229628551793065,0.0174176182006765,1.7590112335433643
cg14526939,TOR1AIP1,-0.221518099078564,0.221518099078564,0.0235628788679076,1.6277716493660446
cg06238570,BRWD1,0.210205875915943,0.210205875915943,0.0154274745992083,1.8117051599635032
