infiltrates,rho,adj_p,label
Neutrophil_MCPCOUNTER,-0.2018637419873405,8.29151634658111e-06,Neutrophil
Cytotoxic_ImmuCellAI,-0.136827343908205,0.0145833415193297,Cytotoxic T cell
CD8_T_ImmuCellAI,-0.135392880135448,0.0149082978892519,CD8+ T cell
Th17_ImmuCellAI,0.1884531858633805,0.0005129028223793,Th17 cell
Macrophage_TIMER,0.249088516007739,1.49761811534044e-06,Macrophage
